school_common_name,school_full_name,team,city,state,type,conference,address,lng,lat,key_0,count_dist,mean_dist,std_dist,min_dist,25%_dist,50%_dist,75%_dist,max_dist,count_wtDist,mean_wtDist,std_wtDist,min_wtDist,25%_wtDist,50%_wtDist,75%_wtDist,max_wtDist
St. John's,St. John's University,Red Storm,Jamaica,New York,Private/Catholic,Big East Conference,St. John's University Jamaica New York,-73.99007259999998,40.72994420000001,St. John's,5.0,1604.322755868,819.4558761931609,541.86658055,940.14675042,1968.01244491,2119.94386812,2451.64413534,5.0,1323.0309003375,987.2771205053094,135.4666451375,470.07337521,1589.95790109,1968.01244491,2451.64413534
VCU,Virginia Commonwealth University,Rams,Richmond,Virginia,State,Atlantic 10 Conference,Virginia Commonwealth University Richmond Virginia,-77.45306424444706,37.548215,VCU,1.0,1627.8553183800002,,1627.8553183800002,1627.8553183800002,1627.8553183800002,1627.8553183800002,1627.8553183800002,1.0,1220.891488785,,1220.891488785,1220.891488785,1220.891488785,1220.891488785,1220.891488785
Miami (FL),University of Miami,Hurricanes,Coral Gables,Florida,Private/Non-Sectarian,Atlantic Coast Conference,University of Miami Coral Gables Florida,-80.27869157646253,25.7172788,Miami (FL),3.0,1198.3823243099998,79.58129776340972,1109.63190438,1165.8784073,1222.12491022,1242.7575342750001,1263.39015833,3.0,796.9430007141667,170.99205542385147,611.06245511,721.6431916975,832.2239282849999,889.88327351625,947.5426187475
Stanford,Stanford University,Cardinal,Palo Alto,California,Private/Non-Sectarian,Pac-12 Conference,Stanford University Palo Alto California,-122.16936535498309,37.43131385,Stanford,8.0,1137.8926341737501,785.6665256408838,344.7614856400001,635.0240742975,724.6552876200001,1886.8707128750002,2327.9664515,8.0,763.2595144225,604.6002688628938,172.38074282000005,370.195365740625,615.03845279625,984.8722582862501,1996.47123671
Seton Hall,Seton Hall University,Pirates,South Orange,New Jersey,Private/Catholic,Big East Conference,Seton Hall University South Orange New Jersey,-74.24685806216726,40.74337195,Seton Hall,4.0,1359.1170211625,803.6116916116482,440.57689384,811.0926540025001,1444.64407903,1992.66844619,2106.60303275,4.0,710.4348239281251,427.8775036761564,110.14422346,553.247378771875,839.1467779387501,996.334223095,1053.301516375
USC,University of Southern California,Trojans,Los Angeles,California,Private/Non-Sectarian,Pac-12 Conference,University of Southern California Los Angeles California,-118.28586726915087,34.0218833,USC,2.0,1052.885197805,976.9034214123327,362.11016396,707.4976808824999,1052.885197805,1398.2727147275,1743.66023165,2.0,699.13635736375,860.7028422955938,90.52754099,394.831949176875,699.13635736375,1003.440765550625,1307.7451737375
Virginia Tech,Virginia Tech,Hokies,Blacksburg,Virginia,State,Atlantic Coast Conference,Virginia Tech Blacksburg Virginia,-80.42542518694935,37.21872455,Virginia Tech,1.0,2260.87702463,,2260.87702463,2260.87702463,2260.87702463,2260.87702463,2260.87702463,1.0,565.2192561575,,565.2192561575,565.2192561575,565.2192561575,565.2192561575,565.2192561575
NC State,North Carolina State University,Wolfpack,Raleigh,North Carolina,State,Atlantic Coast Conference,North Carolina State University Raleigh North Carolina,-78.67408695452633,35.77184965,NC State,3.0,1043.36890094,523.3170199155566,523.91517236,779.820605,1035.72603764,1303.0957652299999,1570.46549282,3.0,521.68445047,261.6585099577783,261.95758618,389.9103025,517.86301882,651.5478826149999,785.23274641
Auburn,Auburn University,Tigers,Auburn,Alabama,State,Southeastern Conference,Auburn University Auburn Alabama,-85.49598606691626,32.59196300000001,Auburn,2.0,1166.1953065100001,946.090007236841,497.20864678,831.7019766450001,1166.1953065100001,1500.688636375,1835.18196624,2.0,478.00206917,27.1622025428334,458.79549156,468.398780365,478.00206917,487.605357975,497.20864678
Michigan,University of Michigan,Wolverines,Ann Arbor,Michigan,State,Big Ten Conference,University of Michigan Ann Arbor Michigan,-83.71003893509602,42.294214200000006,Michigan,13.0,747.1479618646155,585.311213294673,36.41855431,454.22841471,591.56383313,787.12792796,1951.65796019,13.0,458.04817343807684,438.09140822628126,9.1046385775,176.96024709000002,382.8655087875,393.56396398,1643.37095225
Vanderbilt,Vanderbilt University,Commodores,Nashville,Tennessee,Private/Non-Sectarian,Southeastern Conference,Vanderbilt University Nashville Tennessee,-86.80281889095295,36.14380105,Vanderbilt,4.0,1469.0779401774998,621.1021241261708,620.61914109,1196.9609381475,1661.1918725300002,1933.30887456,1933.30887456,4.0,454.086664450625,222.77556836839346,155.1547852725,401.28411029812503,483.32721864,536.1297727925,694.53743525
Arizona,University of Arizona,Wildcats,Tucson,Arizona,State,Pac-12 Conference,University of Arizona Tucson Arizona,-110.9768841153795,32.22877495,Arizona,20.0,717.9075092455,409.01200431421387,0.42253228,436.882843245,663.9784094699999,885.6059108950001,1540.12394689,20.0,452.76920258787504,248.67950171783275,0.42253228,318.6965256175,441.21302240125,627.77733501,836.29080148
UConn,University of Connecticut,Huskies,Storrs,Connecticut,State,American Athletic Conference,University of Connecticut Storrs Connecticut,-72.25401403745809,41.81127235,UConn,13.0,575.5501465046154,651.5719804491482,22.73596489,198.95056678,322.42319819,740.052861,2040.58857771,13.0,437.6698335153846,554.7116925312959,22.73596489,161.211599095,241.8173986425,279.2581082475,1708.17373384
Missouri,University of Missouri,Tigers,Columbia,Missouri,State,Southeastern Conference,University of Missouri Columbia Missouri,-92.32970301784542,38.93641465,Missouri,6.0,702.4682004466667,411.15238784680304,249.20705326,374.34806580500003,653.3591790800001,989.4168104375001,1276.10340899,6.0,435.0218371,357.33128291160193,83.65517773,201.87023376624998,326.67958954000005,580.18730683375,1048.15967135
Dayton,University of Dayton,Flyers,Dayton,Ohio,Private/Catholic,Atlantic 10 Conference,University of Dayton Dayton Ohio,-84.17919478013708,39.73845985,Dayton,1.0,1732.94779561,,1732.94779561,1732.94779561,1732.94779561,1732.94779561,1732.94779561,1.0,433.2369489025,,433.2369489025,433.2369489025,433.2369489025,433.2369489025,433.2369489025
New Mexico,University of New Mexico,Lobos,Albuquerque,New Mexico,State,Mountain West Conference,University of New Mexico Albuquerque New Mexico,-106.62020940505188,35.08663275,New Mexico,4.0,1021.5339240000001,441.26301091348904,485.61386392,769.6627425774999,1052.9504417599999,1304.8216231825,1494.62094856,4.0,433.169763163125,223.6057197957738,242.80693196,293.49332950062495,371.28082320625,510.95725686874994,747.31047428
Saint Louis,Saint Louis University,Billikens,St. Louis,Missouri,Private/Catholic,Atlantic 10 Conference,Saint Louis University St. Louis Missouri,-90.23167733181542,38.6352837,Saint Louis,1.0,1717.82983918,,1717.82983918,1717.82983918,1717.82983918,1717.82983918,1717.82983918,1.0,429.457459795,,429.457459795,429.457459795,429.457459795,429.457459795,429.457459795
Maryland,"University of Maryland, College Park",Terrapins,College Park,Maryland,State,Big Ten Conference,"University of Maryland, College Park College Park Maryland",-76.94610290199051,38.99203005,Maryland,11.0,1132.676295239091,862.8864721394331,8.28908914,308.53555633999997,932.29262098,1943.74169365,2374.85510716,11.0,428.0617757965909,347.58694090206217,8.28908914,77.13388908499999,466.14631049,583.8510655924999,1021.493534885
Creighton,Creighton University,Bluejays,Omaha,Nebraska,Private/Catholic,Big East Conference,Creighton University Omaha Nebraska,-95.94506420758655,41.26611060000001,Creighton,1.0,830.5866157,,830.5866157,830.5866157,830.5866157,830.5866157,830.5866157,1.0,415.29330785,,415.29330785,415.29330785,415.29330785,415.29330785,415.29330785
Minnesota,University of Minnesota,Golden Gophers,Minneapolis–Saint Paul,Minnesota,State,Big Ten Conference,University of Minnesota St. Paul Minnesota,-93.17945580218505,44.9863392,Minnesota,1.0,412.9631666,,412.9631666,412.9631666,412.9631666,412.9631666,412.9631666,1.0,412.9631666,,412.9631666,412.9631666,412.9631666,412.9631666,412.9631666
UCLA,"University of California, Los Angeles",Bruins,Los Angeles,California,State,Pac-12 Conference,University of California Los Angeles California,-118.44667592924029,34.0709515,UCLA,12.0,910.8439296783334,889.3944547019489,34.73463889999999,295.906190765,480.90387174,1857.4814180025,2341.325928,12.0,405.0252815272918,405.65558188902276,29.822701145,132.131824651875,321.239486435,554.311476609375,1486.2899168775
Wake Forest,Wake Forest University,Demon Deacons,Winston-Salem,North Carolina,Private/Non-Sectarian,Atlantic Coast Conference,Wake Forest University Winston-Salem North Carolina,-80.2781152,36.134335,Wake Forest,6.0,623.9766157266668,592.9430497571776,94.87092428,316.82619890750004,479.31626883499996,614.71611659,1767.84399097,6.0,398.75655430333336,284.97518001967876,23.71773107,287.12311167999997,365.51450032624996,461.0370874424999,883.921995485
Indiana,Indiana University,Hoosiers,Bloomington,Indiana,State,Big Ten Conference,Indiana University Bloomington Indiana,-86.51623218881414,39.17798065,Indiana,10.0,829.683142266,762.8987143169322,45.03697008,89.393538915,674.5976398600001,1532.2154474874997,1880.62904118,10.0,393.21770499024996,417.4122619498951,45.03697008,75.190162925625,243.87102979750006,462.752459759375,1170.0571272749996
Iowa,University of Iowa,Hawkeyes,Iowa City,Iowa,State,Big Ten Conference,University of Iowa Iowa City Iowa,-91.57318762552627,41.66590100000001,Iowa,4.0,794.72729529,412.1394730044817,432.59849019999996,452.65634608,748.152431985,1090.223381195,1250.00582699,4.0,381.96995783375,375.2725819427124,114.83557451,190.93332745249998,237.76994329125,428.8065736725,937.5043702425
Saint Joseph's,Saint Joseph's University,Hawks,Philadelphia,Pennsylvania,Private/Catholic,Atlantic 10 Conference,Saint Joseph's University Philadelphia Pennsylvania,-75.24151166935775,39.99652965,Saint Joseph's,2.0,1094.9240528100001,1160.303210532425,274.46578441,684.6949186100001,1094.9240528100001,1505.1531870100002,1915.38232121,2.0,376.65568235625005,144.51833961310925,274.46578441,325.560733383125,376.65568235625005,427.75063132937504,478.8455803025
Iowa State,Iowa State University,Cyclones,Ames,Iowa,State,Big 12 Conference,Iowa State University Ames Iowa,-93.64464414737448,42.02791015,Iowa State,5.0,673.0032018740001,365.9747810315176,204.66717998,491.05707388,612.60345519,911.88679734,1144.80150298,5.0,373.3448623255,298.098207425041,153.1508637975,153.50038498499998,245.52853694,455.94339867,858.6011272349999
Texas Tech,Texas Tech University,Red Raiders,Lubbock,Texas,State,Big 12 Conference,Texas Tech University Lubbock Texas,-101.89959552302756,33.59375255,Texas Tech,3.0,692.2072940000002,612.1446416925902,300.3893825300001,339.50779383500003,378.62620514,888.1162497350001,1397.60629433,3.0,346.1036470000001,306.0723208462951,150.19469126500005,169.75389691750001,189.31310257,444.05812486750006,698.803147165
Wichita State,Wichita State University,Shockers,Wichita,Kansas,State,American Athletic Conference,Wichita State University Wichita Kansas,-97.2933776,37.71918,Wichita State,2.0,779.6155525700001,553.4199908581571,388.28852419,583.95203838,779.6155525700001,975.2790667600001,1170.94258095,2.0,340.51208471375,67.56608866921005,292.7356452375,316.623864975625,340.51208471375,364.400304451875,388.28852419
Texas,University of Texas at Austin,Longhorns,Austin,Texas,State,Big 12 Conference,University of Texas at Austin Austin Texas,-97.73195598080221,30.284151,Texas,6.0,680.45716839,492.1000468758145,180.77546503,424.48027808500007,561.34034769,747.77650253,1590.5047075700004,6.0,339.12720409750006,208.46803773321366,104.48198022250001,184.9619521425,359.26506149374995,394.5764103531251,678.54334571
Cincinnati,University of Cincinnati,Bearcats,Cincinnati,Ohio,State,American Athletic Conference,University of Cincinnati Cincinnati Ohio,-84.5157620959388,39.1318525,Cincinnati,10.0,480.11845879599997,481.5499341413732,46.65253468,239.49502453,255.672418515,681.616025305,1661.27886447,10.0,334.40835738075003,362.8121012088636,11.66313367,140.387515100625,218.17345537875,380.56565937374995,1245.9591483525
Utah,University of Utah,Utes,Salt Lake City,Utah,State,Pac-12 Conference,University of Utah Salt Lake City Utah,-111.8368719136826,40.7628137,Utah,7.0,653.4932176814285,420.8584836449013,297.89768482,332.989612045,591.9801517000002,794.2333053450001,1430.12885247,7.0,331.59463415,347.24358270200287,74.474421205,148.4719401675,184.040769635,346.55336426125007,1072.5966393525
Gonzaga,Gonzaga University,Bulldogs,Spokane,Washington,Private/Catholic,West Coast Conference,Gonzaga University Spokane Washington,-117.40304385396809,47.66673855000001,Gonzaga,9.0,483.63238084222223,279.9043701106084,229.39774578,285.78716403,549.55293982,549.55293982,1119.08295729,9.0,330.1359657275,218.88865871019436,71.4467910075,172.048309335,274.77646991,549.55293982,559.541478645
Kentucky,University of Kentucky,Wildcats,Lexington,Kentucky,State,Southeastern Conference,University of Kentucky Lexington Kentucky,-84.50481984038481,38.02703575,Kentucky,22.0,440.05381243454553,338.097523597151,69.96016089,162.04423623499997,340.03906603999997,642.3981946399998,1468.1753988,22.0,326.74949377750005,322.8918847620526,55.67639502750001,118.00301318249998,200.64690961000002,404.29542950687494,1468.1753988
Mississippi State,Mississippi State University,Bulldogs,Starkville,Mississippi,State,Southeastern Conference,Mississippi State University Starkville Mississippi,-88.79345874498733,33.438723499999995,Mississippi State,2.0,509.71063130000005,62.75163000917953,465.33852819,487.524579745,509.71063130000005,531.8966828550001,554.0827344100002,2.0,324.11565745125006,129.32472971451372,232.669264095,278.392460773125,324.11565745125006,369.8388541293751,415.5620508075001
Pittsburgh,University of Pittsburgh,Panthers,Pittsburgh,Pennsylvania,State-related,Atlantic Coast Conference,University of Pittsburgh Pittsburgh Pennsylvania,-79.96243992762706,40.44415295,Pittsburgh,11.0,583.7656270800001,545.353261681539,1.46643556,208.65016809,447.48653936,678.4812086100001,1806.35035184,11.0,311.7117506947727,257.66039124874686,0.73321778,206.29827885499998,223.74326968,344.81740903,903.17517592
Oklahoma State,Oklahoma State University–Stillwater,Cowboys,Stillwater,Oklahoma,State,Big 12 Conference,Oklahoma State University–Stillwater Stillwater Oklahoma,-97.08853714697358,36.12958010000001,Oklahoma State,7.0,631.0919054585713,503.6596093912229,51.33145831,149.14768113,737.20076811,1096.4836940199998,1137.84836149,7.0,310.05724953535713,241.87173666861673,12.8328645775,111.86076084749999,284.4620903725,544.98353282875,559.4172044449998
North Carolina,University of North Carolina at Chapel Hill,Tar Heels,Chapel Hill,North Carolina,State,Atlantic Coast Conference,University of North Carolina at Chapel Hill Chapel Hill North Carolina,-79.04775326525106,35.90503535,North Carolina,26.0,456.92396990576924,602.275591663917,24.45716256,78.96693353500001,288.91266016,508.7987693575,2337.597702,26.0,307.1613704746154,353.8770262983326,24.45716256,72.014180401875,152.31667323,403.590950135625,1350.19568703
Louisville,University of Louisville,Cardinals,Louisville,Kentucky,State,Atlantic Coast Conference,University of Louisville Louisville Kentucky,-85.75725134140214,38.2167565,Louisville,14.0,826.5601316200001,758.417796153829,69.49413264,120.15451027,522.016883955,1402.1966725925004,1946.63728251,14.0,304.6082697017858,336.8229420403355,27.3356637175,72.622347268125,171.71587585000003,451.20194958312504,1052.4222764100002
Florida State,Florida State University,Seminoles,Tallahassee,Florida,State,Atlantic Coast Conference,Florida State University Tallahassee Florida,-84.29747867166263,30.44235995,Florida State,6.0,709.4959064566666,680.5032949707311,219.17619283,269.4435533025,420.24563472000006,865.3911588375,1964.35878343,6.0,294.9971767729167,342.33855535236734,105.06140868000001,109.588096415,159.8554568875,242.613141879375,982.179391715
Baylor,Baylor University,Bears,Waco,Texas,Private/Baptist,Big 12 Conference,Baylor University Waco Texas,-97.1102905567766,31.55043405,Baylor,4.0,569.5067160575001,259.4757939217954,324.57935556,405.38865411,517.2509683850001,681.3690303325,918.9455719,4.0,284.75335802875003,129.7378969608977,162.28967778,202.694327055,258.62548419250004,340.68451516625,459.47278595
BYU,Brigham Young University,Cougars,Provo,Utah,Private/Latter-Day Saints,West Coast Conference,Brigham Young University Provo Utah,-111.64965660160264,40.25501105,BYU,2.0,958.63253767,854.401097067988,354.4797280800001,656.556132875,958.63253767,1260.708942465,1562.78534726,2.0,283.9681004275,150.93651938736414,177.23986404000004,230.60398223375003,283.9681004275,337.33221862125004,390.696336815
Purdue,Purdue University,Boilermakers,West Lafayette,Indiana,State,Big Ten Conference,Purdue University West Lafayette Indiana,-86.92391089364378,40.43195815,Purdue,12.0,498.4042681458334,499.6458820124407,61.14912011,106.19230390000001,224.92387458,791.5163606475,1582.8183482999998,12.0,280.79121173770835,307.462160643372,45.861840082499995,73.00720893125,194.920975845,378.64096270125003,1136.25143802
Michigan State,Michigan State University,Spartans,East Lansing,Michigan,State,Big Ten Conference,Michigan State University East Lansing Michigan,-84.47791570930522,42.71856800000001,Michigan State,12.0,477.0959031283334,435.86582798072703,63.1934307,173.197845685,440.0549422,603.2844436174998,1627.0910320500002,12.0,277.84707826833335,177.9979071995833,31.59671535,162.00695397500002,257.21885559125,411.150705064375,602.3756885299998
Kansas,University of Kansas,Jayhawks,Lawrence,Kansas,State,Big 12 Conference,University of Kansas Lawrence Kansas,-95.2477503,38.958058,Kansas,29.0,395.2502363144827,246.68626493409874,37.25740516,197.87559495,271.21601408000004,592.8500711,1004.27845133,29.0,274.96630946379304,183.17179709369086,9.31435129,148.212517775,203.41201056000003,330.27888105750003,753.2088384975
Memphis,University of Memphis,Tigers,Memphis,Tennessee,State,American Athletic Conference,University of Memphis Memphis Tennessee,-89.93721959965887,35.1189387,Memphis,5.0,350.532779488,134.1902257372379,134.14157148,330.92976718000006,375.46342675,425.05504626,487.07408577,5.0,274.31292714399996,125.05180731786477,134.14157148,165.46488359000003,281.5975700625,365.3055643275,425.05504626
Oklahoma,University of Oklahoma,Sooners,Norman,Oklahoma,State,Big 12 Conference,University of Oklahoma Norman Oklahoma,-97.44570827599856,35.1959878,Oklahoma,15.0,496.38015211333345,331.3943822429659,19.55454537,241.89973030000004,417.52402974000006,803.54454978,991.84481762,15.0,272.7896361375,213.91159848270527,14.6659090275,104.7398491875,234.39822890250008,401.77227489,749.77731715
Syracuse,Syracuse University,Orange,Syracuse,New York,Private/Methodist,Atlantic Coast Conference,Syracuse University Syracuse New York,-76.1333088275183,43.03830645,Syracuse,18.0,637.0930671244446,726.7172902853575,0.98176618,161.0143138025,293.377210795,1040.078741495,2416.71687143,18.0,271.3254444172222,260.0549322893665,0.736324635,89.60247491375,182.12150995874998,394.12708144875,994.0988409225
South Carolina,University of South Carolina,Gamecocks,Columbia,South Carolina,State,Southeastern Conference,University of South Carolina Columbia South Carolina,-81.0268516571211,33.992829799999996,South Carolina,2.0,426.97508265,31.432933838794924,404.74864198,415.861862315,426.97508265,438.088302985,449.20152332,2.0,269.63773174,95.12482773412222,202.37432099,236.006026365,269.63773174,303.26943711499996,336.90114249
Arkansas,University of Arkansas,Razorbacks,Fayetteville,Arkansas,State,Southeastern Conference,University of Arkansas Fayetteville Arkansas,-94.17609533911696,36.06515200000001,Arkansas,7.0,524.66081756,185.14971191498134,191.70538092,450.27649515,576.8186992999998,613.1285136850001,777.2916250300002,7.0,266.5692685910714,156.96760349491953,112.5691237875,175.98624804750003,194.32290625750005,315.15082734875,576.8186992999998
San Diego State,San Diego State University,Aztecs,San Diego,California,State,Mountain West Conference,San Diego State University San Diego California,-117.07385052563076,32.77481589999999,San Diego State,2.0,692.943618635,474.53009330775694,357.40017178,525.1718952075,692.943618635,860.7153420625001,1028.48706549,2.0,262.58594760375,7.72751920449826,257.1217663725,259.853856988125,262.58594760375,265.318038219375,268.050128835
Georgetown,Georgetown University,Hoyas,Washington,District of Columbia,Private/Catholic,Big East Conference,Georgetown University Washington District of Columbia,-77.07457962060826,38.90893925,Georgetown,12.0,485.12401644833335,599.8540913463972,96.67911389,253.4867460225,342.01813267500006,410.7588529775,2345.15357336,12.0,250.74857114916668,168.83007930737207,72.5093354175,145.7099460725,187.56782677375003,317.62000036,586.28839334
Washington State,Washington State University,Cougars,Pullman,Washington,State,Pac-12 Conference,Washington State University Pullman Washington,-117.14527589317328,46.73357155,Washington State,2.0,691.5859230000001,122.7351934376431,604.79903543,648.192479215,691.5859230000001,734.9793667850001,778.3728105700002,2.0,248.49636017875002,76.23057644249823,194.59320264250005,221.54478141062503,248.49636017875002,275.447938946875,302.399517715
UMass,University of Massachusetts Amherst,Minutemen,Amherst,Massachusetts,State,Atlantic 10 Conference,University of Massachusetts Amherst Amherst Massachusetts,-72.52991477067445,42.3869382,UMass,5.0,340.872945922,563.1054687636689,38.1521794,65.00162031,69.22072940000001,189.21368321,1342.77651729,5.0,247.747452781,425.3832026534965,19.0760897,48.7512152325,69.22072940000001,94.606841605,1007.0823879674999
Boston College,Boston College,Eagles,Chestnut Hill,Massachusetts,Private/Catholic,Atlantic Coast Conference,Boston College Chestnut Hill Massachusetts,-71.16813864023061,42.3354481,Boston College,3.0,933.5022231933332,1017.4243414808024,168.54067004,356.166750345,543.79283065,1315.9829997699999,2088.17316889,3.0,247.42061163499997,239.22972881732662,84.27033502,110.10927134125001,135.9482076625,328.99574994249997,522.0432922225
Oregon,University of Oregon,Ducks,Eugene,Oregon,State,Pac-12 Conference,University of Oregon Eugene Oregon,-123.07682891244707,44.04426385,Oregon,5.0,375.999048552,9.352513336921852,369.16893852,369.16893852,369.16893852,386.2442136,386.2442136,5.0,244.228628808,82.76914211094244,184.58446926,184.58446926,193.1221068,289.68316020000003,369.16893852
Xavier,Xavier University,Musketeers,Cincinnati,Ohio,Private/Catholic,Big East Conference,Xavier University Cincinnati Ohio,-84.47083471474069,39.1513078,Xavier,5.0,571.6613199999999,613.5252075581873,241.90594401,241.90594401,312.11465330000004,399.33650057,1663.0435581099996,5.0,242.4748091605,108.04943305294842,120.952972005,199.668250285,234.08598997500002,241.90594401,415.7608895274999
TCU,Texas Christian University,Horned Frogs,Fort Worth,Texas,Private/Disciples of Christ,Big 12 Conference,Texas Christian University Fort Worth Texas,-97.36119385339882,32.7080148,TCU,1.0,961.21122732,,961.21122732,961.21122732,961.21122732,961.21122732,961.21122732,1.0,240.30280683,,240.30280683,240.30280683,240.30280683,240.30280683,240.30280683
LSU,Louisiana State University,Tigers,Baton Rouge,Louisiana,State,Southeastern Conference,Louisiana State University Baton Rouge Louisiana,-91.18596767189877,30.40570885,LSU,4.0,813.33114303,375.3940604793152,567.9828036800002,567.9828036800002,662.508867055,907.8572064049998,1360.32403433,4.0,238.8317109875,89.67629001512636,141.99570092000005,177.44297468562496,236.62506722375002,298.01380352562506,340.0810085825
Temple,Temple University,Owls,Philadelphia,Pennsylvania,State-related,American Athletic Conference,Temple University Philadelphia Pennsylvania,-75.15628269523319,39.981188,Temple,4.0,312.8369970875,251.72126030671274,117.70009482,163.10522721750002,228.26374370500002,377.995513575,677.12040612,4.0,231.0552529225,200.46047401737974,29.425023705,141.03645943875,193.47784169750003,283.49663518125,507.84030458999996
Florida,University of Florida,Gators,Gainesville,Florida,State,Southeastern Conference,University of Florida Gainesville Florida,-82.34901330482433,29.6328784,Florida,11.0,384.42642098363643,318.60679118258497,63.6905275,106.03074744,463.39985067,491.153386385,921.95922125,11.0,230.0171396904545,190.6410510360528,23.860646399999997,87.46418195999999,129.726730525,457.9426598625,463.39985067
Houston,University of Houston,Cougars,Houston,Texas,State,American Athletic Conference,University of Houston Houston Texas,-95.34406271491372,29.7207902,Houston,1.0,446.19408768000005,,446.19408768000005,446.19408768000005,446.19408768000005,446.19408768000005,446.19408768000005,1.0,223.09704384000003,,223.09704384000003,223.09704384000003,223.09704384000003,223.09704384000003,223.09704384000003
Washington,University of Washington,Huskies,Seattle,Washington,State,Pac-12 Conference,University of Washington Seattle Washington,-122.30800894320257,47.65432379999999,Washington,2.0,277.14389342,181.97181826496103,148.47038674,212.80714008,277.14389342,341.48064676,405.8174001,2.0,221.4674983925,260.7101312168935,37.117596685,129.29254753875,221.4674983925,313.64244924625,405.8174001
Georgia Tech,Georgia Institute of Technology,Yellow Jackets,Atlanta,Georgia,State,Atlantic Coast Conference,Georgia Institute of Technology Atlanta Georgia,-84.39884086001581,33.776033,Georgia Tech,6.0,537.3885668766667,543.9578399937794,1.9262501,215.8130222925,431.09477238,615.2877779099999,1539.47772105,6.0,217.3633429375,165.28921047670613,1.4446875750000001,79.15606333312499,267.66177196,341.5816195475,384.8694302625
Wisconsin,University of Wisconsin–Madison,Badgers,Madison,Wisconsin,State,Big Ten Conference,University of Wisconsin–Madison Madison Wisconsin,-89.4059387,43.07052570000001,Wisconsin,8.0,559.7698324874999,511.3718419484546,74.9373426,122.71455879,357.07705886,1002.1207405324999,1391.5168585299996,8.0,204.599994240625,118.01774937018111,56.203006949999995,92.0359190925,211.54187338125,288.333620059375,357.07705886
UNLV,"University of Nevada, Las Vegas",Rebels,Paradise,Nevada,State,Mountain West Conference,UNLV Paradise Nevada,-115.14183186108524,36.1071554,UNLV,7.0,348.8758493328572,98.99684822361397,225.52660445,297.63049529,366.49082951,366.49082951,521.87086177,7.0,204.19271883785717,151.42521784620527,56.3816511125,75.3723023,130.4677154425,362.6321156,366.49082951
Duke,Duke University,Blue Devils,Durham,North Carolina,Private/Non-sectarian,Atlantic Coast Conference,Duke University Durham North Carolina,-78.94422972195878,36.00015569999999,Duke,31.0,299.2298240670968,387.3379551772014,8.661911739999999,47.628087150000006,119.28459087,343.77039889499997,1803.36155733,31.0,199.6209960226613,213.5581508649824,6.496433804999999,47.628087150000006,119.28459087,245.25901726874997,901.680778665
Loyola–Chicago,Loyola University Chicago,Ramblers,Chicago,Illinois,Private/Catholic,Missouri Valley Conference,Loyola University Chicago Chicago Illinois,-87.66842176669064,41.94484179999999,Loyola–Chicago,1.0,769.9159512599998,,769.9159512599998,769.9159512599998,769.9159512599998,769.9159512599998,769.9159512599998,1.0,192.47898781499995,,192.47898781499995,192.47898781499995,192.47898781499995,192.47898781499995,192.47898781499995
Georgia,University of Georgia,Bulldogs,Athens,Georgia,State,Southeastern Conference,University of Georgia Athens Georgia,-83.37304904988295,33.9404278,Georgia,2.0,382.0872416100001,301.13928144301485,169.14961362000003,275.61842761500003,382.0872416100001,488.5560556050001,595.0248696000001,2.0,191.04362080500005,150.56964072150743,84.57480681000001,137.80921380750002,191.04362080500005,244.27802780250005,297.51243480000005
Virginia,University of Virginia,Cavaliers,Charlottesville,Virginia,State,Atlantic Coast Conference,University of Virginia Charlottesville Virginia,-78.5054996018357,38.0410576,Virginia,6.0,236.79827439,73.5426226269321,156.36801215,175.6879899675,233.64792342,293.0525444475,327.90369041,6.0,186.07498294625,78.81019314561216,81.9759226025,156.36801215,165.8019773575,219.04492820625,312.85408479
Kansas State,Kansas State University,Wildcats,Manhattan,Kansas,State,Big 12 Conference,Kansas State University Manhattan Kansas,-96.58844409645442,39.2087029,Kansas State,5.0,515.536605796,508.31878087463537,107.96942496,263.10090882000003,263.10090882000003,569.43681182,1374.07497456,5.0,181.504333213,114.18799364156463,26.99235624,142.359202955,197.325681615,197.325681615,343.51874364
California,"University of California, Berkeley",Golden Bears,Berkeley,California,State,Pac-12 Conference,"University of California, Berkeley Berkeley California",-122.26639872292525,37.87094645,California,1.0,719.11887201,,719.11887201,719.11887201,719.11887201,719.11887201,719.11887201,1.0,179.7797180025,,179.7797180025,179.7797180025,179.7797180025,179.7797180025,179.7797180025
Marquette,Marquette University,Golden Eagles,Milwaukee,Wisconsin,Private/Catholic,Big East Conference,Marquette University Milwaukee Wisconsin,-87.93155449905072,43.03889625,Marquette,4.0,456.971767675,265.9722376593688,243.93161347,323.19369823,369.383311515,503.16138096000003,845.1888342000002,4.0,175.6615817,38.77982160743416,121.965806735,161.596849115,184.6916557575,198.7563883425,211.29720855000005
Tennessee,University of Tennessee,Volunteers,Knoxville,Tennessee,State,Southeastern Conference,University of Tennessee Knoxville Tennessee,-83.93042902947623,35.9518119,Tennessee,6.0,321.177349335,219.88700532280467,180.53934405,232.09449591999999,234.08909683,269.78220049749996,765.23702763,6.0,174.44576577666666,122.3542134475772,45.1348360125,87.28476108375,174.5695221675,202.336650373125,382.618513815
Texas A&M,Texas A&M University,Aggies,College Station,Texas,State,Southeastern Conference,"Texas A & M, College Station Texas",-96.24359931287478,30.551816100000003,Texas A&M,1.0,347.92426403,,347.92426403,347.92426403,347.92426403,347.92426403,347.92426403,1.0,173.962132015,,173.962132015,173.962132015,173.962132015,173.962132015,173.962132015
Nebraska,University of Nebraska–Lincoln,Cornhuskers,Lincoln,Nebraska,State,Big Ten Conference,University of Nebraska–Lincoln Lincoln Nebraska,-96.70049096055014,40.820739,Nebraska,1.0,335.63975936,,335.63975936,335.63975936,335.63975936,335.63975936,335.63975936,1.0,167.81987968,,167.81987968,167.81987968,167.81987968,167.81987968,167.81987968
Ole Miss,University of Mississippi,Rebels,Oxford,Mississippi,State,Southeastern Conference,University of Mississippi Oxford Mississippi,-89.53963491020966,34.3646125,Ole Miss,2.0,444.05035773,20.097042127292184,429.83960296,436.94498034500003,444.05035773,451.15573511499997,458.2611125,2.0,164.7425398025,70.96136398706425,114.565278125,139.65390896374998,164.7425398025,189.83117064125,214.91980148
Villanova,Villanova University,Wildcats,Radnor Township,Pennsylvania,Private/Catholic,Big East Conference,Villanova University Radnor Township Pennsylvania,-75.3401787,40.03575,Villanova,11.0,239.90625915545453,186.51432447801108,10.96719815,141.58559606,246.82098862,268.96043735,682.1659386399998,11.0,159.93637633818182,111.87010925933636,5.483599075,79.34208627625,179.49544077000002,246.82098862,341.0829693199999
Illinois,University of Illinois at Urbana–Champaign,Fighting Illini,Urbana–Champaign,Illinois,State,Big Ten Conference,University of Illinois at Urbana–Champaign Urbana–Champaign Illinois,-88.22402607254264,40.106650099999996,Illinois,11.0,414.08954275818184,454.9576578681523,111.89648968,119.026721905,214.96951116,500.9275522150001,1679.51610332,11.0,159.77199546454548,112.25890011462553,27.97412242,108.301858445,128.58651474,222.92772024250002,419.87902583
Notre Dame,University of Notre Dame,Fighting Irish,South Bend,Indiana,Private/Catholic,Atlantic Coast Conference,University of Notre Dame South Bend Indiana,-86.23822026017265,41.70456775,Notre Dame,3.0,276.1082750866667,181.15770858826704,72.38350779,204.620577155,336.85764652,377.97065873500003,419.08367095000006,3.0,144.08609652583334,80.43875479306155,54.28763084249999,111.35822705125,168.42882326,188.98532936750001,209.54183547500003
Ohio State,The Ohio State University,Buckeyes,Columbus,Ohio,State,Big Ten Conference,The Ohio State University Columbus Ohio,-83.02866259769122,40.00570905,Ohio State,11.0,317.88831965545455,393.1625119225389,63.97014445,82.36272605,163.09746008000005,331.49832164500003,1333.6237224600004,11.0,134.98395284704546,92.71158976028609,41.68156667999999,55.973876393750004,122.32309506000004,177.74084440874998,333.4059306150001
West Virginia,West Virginia University,Mountaineers,Morgantown,West Virginia,State,Big 12 Conference,WVU Morgantown West Virginia,-79.98142972909102,39.64931395,West Virginia,3.0,262.5644585233333,54.85267838843225,230.89524989,230.89524989,230.89524989,278.39906284,325.90287579,3.0,131.28222926166666,63.908079363696594,57.7238124725,110.33762518374999,162.951437895,168.06143765625,173.1714374175
Alabama,University of Alabama,Crimson Tide,Tuscaloosa,Alabama,State,Southeastern Conference,University of Alabama Tuscaloosa Alabama,-87.53967401518648,33.21208215,Alabama,3.0,182.73485491666668,133.91072993493745,47.58459118,116.416963705,185.24933623,250.30998678500004,315.3706373400001,3.0,106.17625181583337,113.01281411250199,35.688443385,41.000388721250005,46.3123340575,141.42015603125003,236.52797800500008
Clemson,Clemson University,Tigers,Clemson,South Carolina,State,Atlantic Coast Conference,Clemson University Clemson South Carolina,-82.83743475607795,34.66869155,Clemson,2.0,412.9072432100001,429.6127208400465,109.12517502,261.01620911500004,412.9072432100001,564.798277305,716.6893114000002,2.0,103.22681080250003,107.40318021001163,27.281293755,65.25405227875001,103.22681080250003,141.19956932625,179.17232785000004
Southern Illinois,Southern Illinois University Carbondale,Salukis,Carbondale,Illinois,State,Missouri Valley Conference,Southern Illinois University Carbondale Carbondale Illinois,-89.21512201981972,37.7225014,Southern Illinois,1.0,368.37979735,,368.37979735,368.37979735,368.37979735,368.37979735,368.37979735,1.0,92.0949493375,,92.0949493375,92.0949493375,92.0949493375,92.0949493375,92.0949493375
Butler,Butler University,Bulldogs,Indianapolis,Indiana,Private/Non-Sectarian,Big East Conference,Butler University Indianapolis Indiana,-86.17374943464813,39.8407191,Butler,1.0,238.55054061,,238.55054061,238.55054061,238.55054061,238.55054061,238.55054061,1.0,59.6376351525,,59.6376351525,59.6376351525,59.6376351525,59.6376351525,59.6376351525
La Salle,La Salle University,Explorers,Philadelphia,Pennsylvania,Private/Catholic,Atlantic 10 Conference,La Salle University Philadelphia Pennsylvania,-75.15401786487763,40.0374695,La Salle,1.0,175.45031556,,175.45031556,175.45031556,175.45031556,175.45031556,175.45031556,1.0,43.86257889,,43.86257889,43.86257889,43.86257889,43.86257889,43.86257889
DePaul,DePaul University,Blue Demons,Chicago,Illinois,Private/Catholic,Big East Conference,DePaul University Chicago Illinois,-87.65472633854412,41.92401995,DePaul,1.0,12.34042806,,12.34042806,12.34042806,12.34042806,12.34042806,12.34042806,1.0,6.17021403,,6.17021403,6.17021403,6.17021403,6.17021403,6.17021403
